frame_id,time_s,frame_state,track_state,action_type,action_cost_ms,tracking_error_px,pointing_error_px,uncertainty_r95,is_locked_on_artifact,is_invalid_ready,readiness_state,is_visible,gimbal_pan_deg,gimbal_tilt_deg
0,0.0,MEASURED,CONFIRM,FAST,6.5885999938473105,213.6674341733198,238.6011964343836,1.1401572498103592,True,False,NOT_READY,True,0.0,0.0
1,0.03333333333333333,MEASURED,TRACK,FAST,2.97359999967739,217.20099274847183,242.2326298317198,0.8852168517184862,True,False,NOT_READY,True,0.02316187110260772,0.00926663477891156
2,0.06666666666666667,MEASURED,CONFIRM,WIDEN,2.098299970384687,218.55729042593862,234.06136680821064,2.9548175911706065,False,False,NOT_READY,True,0.0439361072193018,0.017669416142566348
3,0.1,MEASURED,TRACK,FAST,4.583600035402924,219.6795325732988,234.05417489591997,2.2783630641434685,False,False,NOT_READY,True,0.05923384127332143,0.053849975283998916
4,0.13333333333333333,MEASURED,TRACK,FAST,1.7761000199243426,215.76794174276597,229.94619657140484,1.947652681430588,False,False,NOT_READY,True,0.0723230071253631,0.1025590020572766
5,0.16666666666666666,MEASURED,TRACK,FAST,1.8118000007234514,213.1725843942403,225.34941769406237,1.9093963386989778,False,False,NOT_READY,True,0.08290352066229464,0.14313263961680794
6,0.2,MEASURED,TRACK,FAST,2.1353999618440866,213.6861967744376,226.64095017303129,1.8597762418292518,False,False,NOT_READY,True,0.09140093666496393,0.173195954254117
7,0.23333333333333334,MEASURED,TRACK,FAST,1.8318999791517854,208.24711447095984,219.56975401227822,1.838586216996323,False,False,NOT_READY,True,0.10055053853625477,0.19754296079097777
8,0.26666666666666666,MEASURED,TRACK,FAST,1.65789999300614,209.5550141928962,220.92387603075767,1.8583156160350094,False,False,NOT_READY,True,0.10726539774806752,0.21684688454569132
9,0.3,MEASURED,TRACK,FAST,1.792500028386712,206.64218672638341,217.18450502035745,1.9036120861515031,False,False,NOT_READY,True,0.11392788791804115,0.23378174211441188
10,0.3333333333333333,MEASURED,TRACK,FAST,1.625099976081401,203.86473086322522,213.66968374531882,1.8699387465934225,False,False,NOT_READY,True,0.11959171689156081,0.24820563955883543
11,0.36666666666666664,MEASURED,TRACK,FAST,2.7375000063329935,205.09823423641143,215.13410508340255,1.8125111352452354,False,False,NOT_READY,True,0.12391156795359223,0.26178261266286407
12,0.4,MEASURED,TRACK,FAST,2.006000024266541,199.51963454934614,208.63377733941243,1.8134528246203958,False,False,NOT_READY,True,0.12927987982115333,0.2744701314288631
13,0.43333333333333335,MEASURED,TRACK,FAST,1.6672000056132674,201.41309467919248,210.1796149579923,1.777399432883617,False,False,NOT_READY,True,0.13307630710562365,0.28571103437020806
14,0.4666666666666667,MEASURED,TRACK,FAST,1.6852000262588263,198.37621530894154,206.58878507619644,1.7427967915739844,False,False,NOT_READY,True,0.13680390376771218,0.2959602008134721
15,0.5,MEASURED,TRACK,FAST,1.7416999908164144,196.046933838695,203.58422518154137,1.7110233980565814,False,False,NOT_READY,True,0.1401709546757682,0.30492131699372926
16,0.5333333333333333,MEASURED,TRACK,FAST,1.9619000377133489,197.36928075981962,204.7037151064151,1.6796275164039762,False,False,NOT_READY,True,0.14255949825306738,0.31357349428149056
17,0.5666666666666667,MEASURED,TRACK,FAST,1.6477999743074179,192.32876868125456,199.1811092204791,1.6877391278333174,False,False,NOT_READY,True,0.14556894938126788,0.3209887673395291
18,0.6,MEASURED,TRACK,FAST,2.4559999583289027,193.54204324572007,199.92081199619574,1.6751106943300875,False,False,NOT_READY,True,0.14773252848375643,0.3282708378443265
19,0.6333333333333333,MEASURED,TRACK,FAST,1.790699956472963,191.4843345503278,197.8920203930674,1.6214772055332003,False,False,NOT_READY,True,0.15016104264378755,0.334466606094138
20,0.6666666666666666,MEASURED,TRACK,FAST,1.823199971113354,188.03576542023998,193.43822616359648,1.5814382902426745,False,False,NOT_READY,True,0.15258765790615927,0.34090629647618603
21,0.7,MEASURED,TRACK,FAST,1.729800016619265,191.13537825802783,196.59250852062434,1.5530740545474404,False,False,NOT_READY,True,0.15434018485726894,0.3462487530042032
22,0.7333333333333333,MEASURED,TRACK,FAST,1.5386000159196556,184.41204074995036,188.968949398439,1.521355919951742,False,False,NOT_READY,True,0.15637309906714358,0.3517517802437108
23,0.7666666666666666,MEASURED,TRACK,FAST,1.680399989709258,187.96777513667027,192.5341445166553,1.4939185522845657,False,False,NOT_READY,True,0.157801783171345,0.3563644193924717
24,0.8,MEASURED,TRACK,FAST,2.1069999784231186,183.83328609965852,187.6147456852318,1.4615705784736863,False,False,NOT_READY,True,0.15941594593243505,0.3612323571317749
25,0.8333333333333334,MEASURED,TRACK,FAST,1.7098000389523804,183.49684983778974,186.95521126258777,1.4279307702059123,False,False,NOT_READY,True,0.16075231904489085,0.3650775119794951
26,0.8666666666666667,MEASURED,TRACK,FAST,1.7269999952986836,183.31072779684862,186.40880397298477,1.421382390758623,False,False,NOT_READY,True,0.16174864733078403,0.3690631833059831
27,0.9,MEASURED,TRACK,FAST,1.8460999708622694,180.65433957455625,183.38486509440423,1.4094431090669257,False,True,READY,True,0.1630419371994662,0.37246420293564536
28,0.9333333333333333,MEASURED,TRACK,FAST,1.6707999748177826,180.42651494350707,182.74890884872008,1.4097071116174862,False,True,READY,True,0.16381087390629342,0.37605854205834166
29,0.9666666666666667,MEASURED,TRACK,FAST,1.7043999978341162,180.37764672924084,182.51762892989626,1.379770477345249,False,True,READY,True,0.16476094997385413,0.37912272529134905
30,1.0,MEASURED,TRACK,FAST,3.0922999721951783,176.46745002195254,177.92572171443817,1.3489766920508326,False,True,READY,True,0.16561384988726877,0.3822657685336925
31,1.0333333333333332,MEASURED,TRACK,FAST,1.8349000019952655,180.12170323673817,181.59970724492902,1.3260012528928296,False,True,READY,True,0.16610185624983187,0.3848835183877411
32,1.0666666666666667,MEASURED,TRACK,FAST,1.6693000216037035,174.2188259375861,175.1878906195892,1.3207314901847325,False,True,READY,True,0.1668998366883676,0.38761799759790244
33,1.1,MEASURED,TRACK,FAST,2.0773999858647585,177.47222548635858,178.35914726041744,1.3015868868723972,False,True,READY,True,0.16739246744501773,0.39001405258141125
34,1.1333333333333333,MEASURED,TRACK,FAST,1.427199982572347,174.60283085033464,175.09859993954035,1.2832440769958793,False,True,READY,True,0.16801423048232556,0.39250472185919383
35,1.1666666666666667,MEASURED,TRACK,FAST,1.9123000092804432,173.93012700099288,174.00261607898642,1.25704725794189,False,True,READY,True,0.16863366291597026,0.3945751423960557
36,1.2,MEASURED,TRACK,FAST,1.8589000101201236,175.18132303667016,175.13370947442178,1.2296172664979659,False,True,READY,True,0.1689622846603463,0.3964903160556731
37,1.2333333333333334,MEASURED,TRACK,FAST,2.078499994240701,171.8991232915904,171.4000642153071,1.205614330646374,False,True,READY,True,0.16967758491214344,0.39817828567953445
38,1.2666666666666666,MEASURED,TRACK,FAST,1.6895000007934868,174.01629072273778,173.4070127466869,1.1848279947261868,False,True,READY,True,0.169958429799894,0.399734310045624
39,1.3,MEASURED,TRACK,FAST,1.686300034634769,171.83646132704496,170.9565603057976,1.1693260319378709,False,True,READY,True,0.1704227731823809,0.40125115609469475
40,1.3333333333333333,MEASURED,TRACK,FAST,1.9566999981179833,172.18830119167094,171.08014185047318,1.1690298255529403,False,True,READY,True,0.170840121599369,0.40259675018023355
41,1.3666666666666667,MEASURED,TRACK,FAST,1.6626000287942588,171.87959313364192,170.56229575677415,1.1746743338440302,False,True,READY,True,0.17107287677988367,0.40393092097563205
42,1.4,MEASURED,TRACK,FAST,2.451599983032793,171.8419780940799,170.33006469668692,1.1750877983801964,False,True,READY,True,0.17147000330437573,0.40504859040079055
43,1.4333333333333333,MEASURED,TRACK,FAST,1.8131999531760812,170.6207906563757,168.80153521286917,1.1471060462367386,False,True,READY,True,0.17158686277602248,0.4062136046041947
44,1.4666666666666666,MEASURED,TRACK,FAST,2.161899989005178,173.1092803623762,171.23306929559192,1.1468153536474646,False,True,READY,True,0.17187540234858273,0.40701590527542214
45,1.5,MEASURED,TRACK,FAST,1.7120999982580543,169.0929042221389,166.83080604273383,1.1373062658361008,False,True,READY,True,0.17217143977551624,0.40789404324146766
46,1.5333333333333332,MEASURED,TRACK,FAST,2.1041000145487487,174.23053000387057,172.10371446190254,1.1162131008902834,False,True,READY,True,0.17229563545872284,0.40843963682539963
47,1.5666666666666667,MEASURED,TRACK,FAST,1.5627999673597515,168.77346732647968,166.3352402888613,1.1219893895161377,False,True,READY,True,0.17262053634351276,0.4092248883470069
48,1.6,MEASURED,TRACK,FAST,2.4193000281229615,174.28589564347342,171.97996923451984,1.111059074111535,False,True,READY,True,0.17271314895218287,0.4097439492485866
49,1.6333333333333333,MEASURED,TRACK,FAST,2.57060001604259,169.68294396764384,167.1459478735419,1.112301299840868,False,True,READY,True,0.1728989213361528,0.41050521163413595
50,1.6666666666666667,MEASURED,TRACK,FAST,2.1637000027112663,174.20863154580542,171.73115717017123,1.1076534299621243,False,True,READY,True,0.17306268883005824,0.41101307550190597
51,1.7,MEASURED,TRACK,FAST,2.3542999988421798,170.89732185472846,168.09436704481843,1.0976368464968613,False,True,READY,True,0.17297685195792573,0.41169881341550674
52,1.7333333333333334,MEASURED,CONFIRM,FAST,9.651999978814274,0.027435871548517385,172.27295881100784,1.4630638501112245,False,False,WITHDRAWN,True,0.17315213417000264,0.4119659250597934
53,1.7666666666666666,MEASURED,TRACK,FAST,2.280999964568764,2.3877934988340224,168.8667786409052,1.2166655970715066,False,False,WITHDRAWN,True,0.19270343705199025,0.44001081448185786
54,1.8,MEASURED,TRACK,FAST,1.996200007852167,5.923513382138929,168.71866306825635,1.1661584910390936,False,False,WITHDRAWN,True,0.20835632038211277,0.4958334816817001
55,1.8333333333333333,MEASURED,TRACK,FIT,2.33660003868863,2.559585155512555,156.9011932640707,0.6884364993236662,False,False,WITHDRAWN,True,0.21094937921413245,0.5794339266593201
56,1.8666666666666667,MEASURED,TRACK,FAST,1.4602000010199845,3.578877418208039,147.6436649799474,0.8579129539843438,False,False,WITHDRAWN,True,0.18576466026837438,0.6908121494147179
57,1.9,MEASURED,TRACK,FAST,1.5481000300496817,6.601994759718641,128.12339722077698,1.0026189610703609,False,False,WITHDRAWN,True,0.15562491871648038,0.7876984935822324
58,1.9333333333333333,MEASURED,TRACK,FAST,1.7278000013902783,4.194470673994143,115.18084302691172,1.086129057579268,False,False,WITHDRAWN,True,0.12124907984914221,0.8673280838970674
59,1.9666666666666666,MEASURED,TRACK,FAST,1.8380999681539834,4.3089922665042755,101.25686872006284,1.071437281408511,False,False,WITHDRAWN,True,0.08489685574700553,0.9359879820275969
60,2.0,MEASURED,TRACK,FAST,1.8860999844036996,5.667367154248467,91.9227865563097,1.1503365663028873,False,False,WITHDRAWN,True,0.04470887995796459,0.995563642191286
61,2.033333333333333,MEASURED,TRACK,FAST,2.902299980632961,2.710613475430832,81.24607787217519,1.2581157432774477,False,False,WITHDRAWN,True,0.0030599155943139833,1.0486499708799215
62,2.0666666666666664,MEASURED,TRACK,FAST,1.7801999929361045,6.399430370299347,73.35668850430879,1.2681933058663406,False,False,WITHDRAWN,True,-0.03746185497758875,1.0962502196485935
63,2.1,MEASURED,TRACK,FAST,1.648699981160462,2.5967353899214594,65.31691898666777,1.2241281784151699,False,False,WITHDRAWN,True,-0.07996460559178084,1.139138356802439
64,2.1333333333333333,MEASURED,TRACK,FAST,1.5165000222623348,3.4375310343798535,57.022208816066154,1.0921184396662502,False,False,WITHDRAWN,True,-0.12293628310949643,1.1779323723538329
65,2.1666666666666665,MEASURED,TRACK,FAST,2.187899954151362,3.7686014316638965,52.162687964579696,1.0764579810770762,False,False,WITHDRAWN,True,-0.16743043715913886,1.2119305702821712
66,2.2,MEASURED,TRACK,FAST,1.6200000536628067,3.4177808367994595,42.699405860811524,1.0490978058853146,False,False,WITHDRAWN,True,-0.21247604045056717,1.2429150216312577
67,2.2333333333333334,MEASURED,TRACK,FAST,2.6670999941416085,3.8992798315756483,40.471650527916644,0.9793146622570038,False,False,WITHDRAWN,True,-0.2563913346751955,1.2702676639403108
68,2.2666666666666666,MEASURED,TRACK,FAST,2.723700017668307,5.106374794195886,30.685083233460794,0.9844158874413921,False,False,WITHDRAWN,True,-0.30127822216091626,1.2949423752269247
69,2.3,MEASURED,TRACK,FAST,2.055999997537583,2.6468255558631313,29.18739019745199,0.9623780690001984,False,False,WITHDRAWN,True,-0.34532659566393714,1.3167602052876928
70,2.3333333333333335,MEASURED,TRACK,FAST,2.1818000241182745,6.5501648831189305,20.758115193812685,0.9183022963877528,False,False,WITHDRAWN,True,-0.38888470293127486,1.3363787301650616
71,2.3666666666666667,MEASURED,TRACK,FAST,1.9489999976940453,2.9992890077992396,18.885568821712962,0.8772281857216113,False,False,WITHDRAWN,True,-0.4325662882959215,1.3522782360572936
72,2.4,MEASURED,TRACK,FAST,2.2176000056788325,7.589050246793543,11.993266945232106,0.8415238600941447,False,False,WITHDRAWN,True,-0.4751264538493967,1.3660542752094154
73,2.433333333333333,MEASURED,TRACK,FAST,2.011300006415695,3.95129355807394,10.39837320615995,0.8578534221466743,False,False,WITHDRAWN,True,-0.5180080370216424,1.3765616980317965
74,2.466666666666667,MEASURED,TRACK,WIDEN,2.2926999954506755,11.716931006334368,3.429979768184819,0.898556087043965,False,False,WITHDRAWN,True,-0.5603065667381701,1.385918737783491
75,2.5,MEASURED,TRACK,WIDEN,4.3132000137120485,11.662836102829408,4.31216570674787,0.9351723458863652,False,False,WITHDRAWN,True,-0.599719797159363,1.3965797505840711
76,2.533333333333333,MEASURED,TRACK,FIT,6.178800016641617,6.629476987078898,6.555919110778362,0.6111087819899802,False,False,WITHDRAWN,True,-0.635717512356566,1.4088417083613567
77,2.5666666666666664,MEASURED,TRACK,FAST,2.403999969828874,5.754883394236981,7.629204700913248,0.6252586128918532,False,False,WITHDRAWN,True,-0.6732340297767166,1.4055583013496011
78,2.6,MEASURED,TRACK,FAST,1.8475999822840095,9.166080290038025,13.152002479786491,0.6418420252524809,False,False,WITHDRAWN,True,-0.7117762231705098,1.4011989150773856
79,2.6333333333333333,MEASURED,TRACK,FAST,2.1940000005997717,6.528314165739681,11.351791717196193,0.6462120044662477,False,False,WITHDRAWN,True,-0.7505266311813863,1.3972151829880313
80,2.6666666666666665,MEASURED,TRACK,FIT,3.825400024652481,6.936023031028991,17.50817447032917,0.5144452939724602,False,False,WITHDRAWN,True,-0.7894433818928432,1.3932507129354121
81,2.7,MEASURED,TRACK,FAST,2.6963999844156206,6.145951338734048,17.05831320470347,0.541867537455783,False,False,WITHDRAWN,True,-0.8296731226625271,1.382601259928346
82,2.7333333333333334,MEASURED,TRACK,FAST,2.3150999913923442,9.459160881184074,21.222701043359464,0.5551917038916224,False,False,WITHDRAWN,True,-0.8696177734804579,1.372430644135031
83,2.7666666666666666,MEASURED,TRACK,FAST,2.5869000237435102,9.490499729489619,21.282482724783108,0.579236366387828,False,False,WITHDRAWN,True,-0.9092963303459864,1.3624415513349601
84,2.8,MEASURED,TRACK,FIT,3.2402999931946397,8.017644194232448,24.96245379129023,0.4839491835239681,False,False,WITHDRAWN,True,-0.94843709270178,1.35276844331306
85,2.8333333333333335,MEASURED,TRACK,FAST,2.05800001276657,8.161542946477578,25.936768375404277,0.5005724729514736,False,False,WITHDRAWN,True,-0.9857217001367412,1.336763128676939
86,2.8666666666666667,MEASURED,TRACK,FIT,2.952300012111664,8.31117206897894,28.940094437829142,0.44148446356681115,False,False,WITHDRAWN,True,-1.022803547792216,1.3205824969494235
87,2.9,MEASURED,TRACK,FAST,2.030199975706637,8.985752431145075,29.464068687006286,0.4664882151169016,False,False,WITHDRAWN,True,-1.0573426725295436,1.3007857051575358
88,2.933333333333333,MEASURED,TRACK,FAST,1.9992999732494354,10.936722672465505,30.977709030655,0.48691280277265264,False,False,WITHDRAWN,True,-1.092077446262107,1.2817518781141441
89,2.966666666666667,MEASURED,TRACK,FIT,3.148999996483326,9.550936061392536,33.13148041420792,0.43478559097233604,False,False,WITHDRAWN,True,-1.1268435202190938,1.2632624467856923
90,3.0,MEASURED,CONFIRM,WIDEN,2.887000038754195,50.964559944649444,32.70874304511173,3.222173380924921,False,False,WITHDRAWN,True,-1.159892342218244,1.2398404138783277
91,3.033333333333333,MEASURED,TRACK,FAST,5.182199995033443,48.863517808795265,37.10706997087496,2.3674624894290024,False,False,WITHDRAWN,True,-1.1985425667718494,1.2247750690826253
92,3.0666666666666664,MEASURED,TRACK,FAST,2.8307000175118446,41.1031629211757,35.62589654412337,2.1610452158526874,False,False,WITHDRAWN,True,-1.2262662860909472,1.2132141311126199
93,3.1,MEASURED,TRACK,FAST,1.9409999949857593,42.29110568711342,42.75733297463555,2.110126120620878,False,False,WITHDRAWN,True,-1.247117920352696,1.2052400404029524
94,3.1333333333333333,MEASURED,TRACK,FAST,1.9681000267155468,38.00236668567789,41.93363446376548,2.0188008457562465,False,False,WITHDRAWN,True,-1.2620619124358463,1.198327872378961
95,3.1666666666666665,MEASURED,TRACK,FAST,2.0249999943189323,38.62368483671531,48.79269113633882,2.044408939290442,False,False,WITHDRAWN,True,-1.2736943254502866,1.1938095136582032
96,3.2,MEASURED,TRACK,FAST,2.3933000047691166,38.88023050119126,49.17360172637898,2.042212863085851,False,False,WITHDRAWN,True,-1.2841216272600258,1.1888431577529424
97,3.2333333333333334,MEASURED,TRACK,FAST,2.663999970536679,41.20065630817404,56.857745209370634,2.0489049859531896,False,False,WITHDRAWN,True,-1.2917254444387958,1.1853669231311046
98,3.2666666666666666,MEASURED,TRACK,FAST,3.023100027348846,42.021348374016135,56.97223131750354,2.107066099923496,False,False,WITHDRAWN,True,-1.299554412866336,1.1806843616654086
99,3.3,MEASURED,TRACK,FAST,2.0617000409401953,48.842044705180754,65.99215696251345,2.116329593028096,False,False,WITHDRAWN,True,-1.3061187537071088,1.1772352817954836
100,3.3333333333333335,MEASURED,TRACK,FAST,1.970800047274679,48.90744171468659,65.9771545715494,2.0808555846725287,False,False,WITHDRAWN,True,-1.312341165143376,1.173009606320822
101,3.3666666666666667,MEASURED,TRACK,FAST,2.4828999885357916,58.20545083529341,75.49994449646975,2.071790655550313,False,False,WITHDRAWN,True,-1.318628352046836,1.1703304611489889
102,3.4,MEASURED,TRACK,FAST,1.9665000145323575,58.71493927704418,76.2374005403881,1.996310131276304,False,False,WITHDRAWN,True,-1.3233891612516655,1.1667506104666208
103,3.433333333333333,MEASURED,TRACK,FAST,2.372400020249188,68.22563419209813,85.53088790308367,1.997381498210939,False,False,WITHDRAWN,True,-1.329073006925453,1.1640988090059303
104,3.466666666666667,MEASURED,TRACK,FAST,2.8872000402770936,70.22336496454302,86.94817153404324,1.9038530820444688,False,False,WITHDRAWN,True,-1.3337193186290068,1.1609231717190653
105,3.5,MEASURED,TRACK,FAST,2.286700007971376,79.39372167388852,96.14850013701127,1.9039027642245367,False,False,WITHDRAWN,True,-1.337915875523811,1.15877761399855
106,3.533333333333333,MEASURED,TRACK,FAST,1.985599985346198,82.33651835516193,98.16954138638584,1.8665058483576922,False,False,WITHDRAWN,True,-1.3422214974531148,1.1563248402689612
107,3.5666666666666664,MEASURED,TRACK,FAST,2.4526999914087355,91.03774617363393,107.07228788619027,1.7980546243331819,False,False,WITHDRAWN,True,-1.3455078585399318,1.1545923949642596
108,3.6,MEASURED,TRACK,FAST,1.8662000074982643,94.72454932266054,110.15724300379308,1.7652772446927805,False,False,WITHDRAWN,True,-1.3491992536002961,1.1524728434707323
109,3.6333333333333333,MEASURED,TRACK,FAST,2.08020000718534,102.46336623575468,117.83777856795031,1.6858303544671127,False,False,WITHDRAWN,True,-1.3522321885805213,1.150652078774578
110,3.6666666666666665,MEASURED,TRACK,FAST,2.188799961004406,107.7210452920938,122.7040632287109,1.6065235736363568,False,False,WITHDRAWN,True,-1.3551152259778507,1.1485733896830945
111,3.6999999999999997,MEASURED,TRACK,FAST,2.2551000001840293,114.22570383513803,128.68893762538178,1.5370278612972226,False,False,WITHDRAWN,True,-1.3583614560318258,1.1468169637418006
112,3.7333333333333334,MEASURED,TRACK,FAST,1.8250999855808914,120.92833234013551,135.1857224849389,1.481058458691141,False,False,WITHDRAWN,True,-1.3603376133394585,1.1451960476632508
113,3.7666666666666666,MEASURED,TRACK,FAST,2.1381000406108797,126.27286280378175,140.07039048814568,1.460484200671896,False,False,WITHDRAWN,True,-1.3626854918793736,1.1436342105008022
114,3.8,MEASURED,TRACK,FAST,2.3426999687217176,133.7769205911057,147.4104616896985,1.414349845178756,False,False,WITHDRAWN,True,-1.3645027821976587,1.1422841484479063
115,3.8333333333333335,MEASURED,TRACK,FAST,2.5985000538639724,138.6198496604304,151.88127590422351,1.3940542084840746,False,False,WITHDRAWN,True,-1.3660442987567138,1.140821132639957
116,3.8666666666666667,MEASURED,TRACK,FAST,1.815199968405068,146.58844328347112,159.7294346166572,1.369203452116592,False,False,WITHDRAWN,True,-1.3679045965003283,1.139642470608784
117,3.9,MEASURED,TRACK,FAST,2.208899997640401,150.88362751062886,163.562574195001,1.3397204180734035,False,False,WITHDRAWN,True,-1.3693306991071517,1.1382860979799918
118,3.933333333333333,MEASURED,TRACK,FAST,2.134700014721602,159.78057759903623,172.38361060468623,1.3310715334165213,False,False,WITHDRAWN,True,-1.3711814772470086,1.1373753760531649
119,3.966666666666667,MEASURED,TRACK,FAST,1.9745000172406435,162.73892770689488,174.96445122865683,1.3337739807893343,False,False,WITHDRAWN,True,-1.3726716409486954,1.1362612198425248
